id_paciente;tiempo_entre_llegadas_min;tiempo_servicio_min;Z-Score llegadas;Z_Score servicio;Media entre llegada;8,20875;;Outliers fuertes llegadas (Z>3);0
1;1,19;0,69;1,09301628865775;1,0450966576987;Media de servicio;7,16875;;Outliers fuertes servicio (Z>3);0
2;10,13;0,81;0,299192526387704;1,02573928182776;Desv. Estandar llegadas;6,42145050612119;;Outliers moderados llegadas (2.5<Z<=3);1
3;3,43;1,93;0,744185444619514;0,845070440365668;Desv. Estandar servicio;6,19918736920103;;Outliers moderados servicio (2.5<Z<=3);1
4;5,49;16,5;0,423385650548638;1,50523761329747;Tasa de llegada;0,121821227348866;;;
5;7,82;5,3;0,0605392815267247;0,301450801323473;Tasa de servicio;0,13949433304272;;;
6;8,55;9,03;0,0531421988964498;0,300240965331539;Utilizacion;0,87330592355718;;;
7;10,28;9,75;0,322551734693836;0,416385220557171;;;;;
8;0,15;3,4;1,25497346624693;0,607942585946669;;;;;
9;7,29;2,45;0,143075150875057;0,761188478258267;;;;;
10;5,08;8,37;0,487234153252065;0,193775398041376;;;;;
11;13,51;4,71;0,825553353552539;0,396624566022255;;;;;
12;22,25;7,97;2,18661655752315;0,129250811804914;;;;;
13;10,98;13,82;0,431561373455784;1,07292288551318;;;;;
14;3,58;9,31;0,720826236313382;0,345408175697063;;;;;
15;1,34;2,89;1,06965708035162;0,690211433398159;;;;;
16;4,4;18,48;0,593129230906528;1,82463431516796;;;;;
17;2,22;1,39;0,93261639162231;0,932178631784893;;;;;
18;7,47;1,83;0,115044100907699;0,861201586924784;;;;;
19;2,9;0,03;0,826721313967846;1,15156222498886;;;;;
20;8,41;18,01;0,0313402711440601;1,74881792634012;;;;;
21;24,74;3,66;2,57437941540494;0,566001604892969;;;;;
22;3,79;2,39;0,688123344684797;0,770867166193737;;;;;
23;7,05;3,43;0,180449884164868;0,603103241978934;;;;;
24;0,45;1,84;1,20825504963466;0,859588472268872;;;;;
25;10,28;14,03;0,322551734693836;1,10679829328732;;;;;
26;9,6;23,3;0,216656657039372;2,60215557931733;;;;;
27;6,48;2,98;0,269214875728168;0,675693401494955;;;;;
28;15,2;20,74;1,08873376713496;2,18919822740398;;;;;
29;3,2;9,11;0,780002897355582;0,313145882578831;;;;;
30;20,87;4,26;1,97171184110674;0,469214725538275;;;;;
31;7,93;12,08;0,0434091954355616;0,792240935384565;;;;;
32;7,47;5,01;0,115044100907699;0,348231126344908;;;;;
33;4,68;4,78;0,549525375401749;0,385332763430874;;;;;
34;9,12;16,41;0,14190719045975;1,49071958139427;;;;;
35;2,86;9,12;0,832950436182814;0,314758997234743;;;;;
36;14,98;0,87;1,05447359495263;1,01606059389229;;;;;
37;21,34;5,4;2,04490402713262;0,285319654764357;;;;;
38;1,29;1,09;1,07744348312033;0,980572071462239;;;;;
39;18,91;6,31;1,66648485257328;0,138526221076405;;;;;
40;1,64;3,27;1,02293866373935;0,628913076473519;;;;;
